name,age,salary,timestamp
warner,34,838947548,1555480527
russell,35,83894548,1555480527
pant,25,8389456745,1555480527
pollard,31,834574578,1555480527
warner,34,838947548,1555480527
russell,35,83894548,1555480527
pant,25,8389456745,1555480527
pollard,31,834574578,1555480527
warner,34,838947548,1555480527
russell,35,83894548,1555480527
pant,25,8389456745,1555480527
pollard,31,834574578,1555480527
warner,34,838947548,1555480527
russell,35,83894548,1555480527
pant,25,8389456745,1555480527
pollard,31,834574578,1555480527
warner,34,838947548,1555480527
russell,35,83894548,1555480527
pant,25,8389456745,1555480527
pollard,31,834574578,1555480527
warner,34,838947548,1555480527
russell,35,83894548,1555480527
pant,25,8389456745,1555480527
pollard,31,834574578,1555480527
warner,34,838947548,1555480527
russell,35,83894548,1555480527
pant,25,8389456745,1555480527
pollard,31,834574578,1555480527
warner,34,838947548,1555480527
russell,35,83894548,1555480527
pant,25,8389456745,1555480527
pollard,31,834574578,1555480527
warner,34,838947548,1555480527
russell,35,83894548,1555480527
pant,25,8389456745,1555480527
pollard,31,834574578,1555480527
warner,34,838947548,1555480527
russell,35,83894548,1555480527
pant,25,8389456745,1555480527
pollard,31,834574578,1555480527
warner,34,838947548,1555480527
russell,35,83894548,1555480527
pant,25,8389456745,1555480527
pollard,31,834574578,1555480527
warner,34,838947548,1555480527
russell,35,83894548,1555480527
pant,25,8389456745,1555480527
pollard,31,834574578,1555480527
warner,34,838947548,1555480527
russell,35,83894548,1555480527
pant,25,8389456745,1555480527
pollard,31,834574578,1555480527
warner,34,838947548,1555480527
russell,35,83894548,1555480527
pant,25,8389456745,1555480527
pollard,31,834574578,1555480527
warner,34,838947548,1555480527
russell,35,83894548,1555480527
pant,25,8389456745,1555480527
pollard,31,834574578,1555480527
warner,34,838947548,1555480527
russell,35,83894548,1555480527
pant,25,8389456745,1555480527
pollard,31,834574578,1555480527
warner,34,838947548,1555480527
russell,35,83894548,1555480527
pant,25,8389456745,1555480527
pollard,31,834574578,1555480527
warner,34,838947548,1555480527
russell,35,83894548,1555480527
pant,25,8389456745,1555480527
pollard,31,834574578,1555480527
warner,34,838947548,1555480527
russell,35,83894548,1555480527
pant,25,8389456745,1555480527
pollard,31,834574578,1555480527
warner,34,838947548,1555480527
russell,35,83894548,1555480527
pant,25,8389456745,1555480527
pollard,31,834574578,1555480527
warner,34,838947548,1555480527
russell,35,83894548,1555480527
pant,25,8389456745,1555480527
pollard,31,834574578,1555480527
warner,34,838947548,1555480527
russell,35,83894548,1555480527
pant,25,8389456745,1555480527
pollard,31,834574578,1555480527
warner,34,838947548,1555480527
russell,35,83894548,1555480527
pant,25,8389456745,1555480527
pollard,31,834574578,1555480527
warner,34,838947548,1555480527
russell,35,83894548,1555480527
pant,25,8389456745,1555480527
pollard,31,834574578,1555480527
warner,34,838947548,1555480527
russell,35,83894548,1555480527
pant,25,8389456745,1555480527
pollard,31,834574578,1555480527